{
  "mainAssemblyName": "AssetManagementWASM",
  "resources": {
    "hash": "sha256-x4TSM1+5wj6lV4Ihze9i+r3slzJ51+fqWATcvcG+dFg=",
    "jsModuleNative": {
      "dotnet.native.js": "sha256-D0bzod5lwwSzPR43JC8TTCcZKw+3jIHOk8CZFCRj5is="
    },
    "jsModuleRuntime": {
      "dotnet.runtime.js": "sha256-OH8zlJkheyf8H9oAbu0wu1oQm9FKy/BKjDk4Bj/va3s="
    },
    "wasmNative": {
      "dotnet.native.wasm": "sha256-1FiXHTP4dewtkVEvJ/s93FNwgKHgjajc/MAN3sofq6Q="
    },
    "icu": {
      "icudt_CJK.dat": "sha256-SZLtQnRc0JkwqHab0VUVP7T3uBPSeYzxzDnpxPpUnHk=",
      "icudt_EFIGS.dat": "sha256-8fItetYY8kQ0ww6oxwTLiT3oXlBwHKumbeP2pRF4yTc=",
      "icudt_no_CJK.dat": "sha256-L7sV7NEYP37/Qr2FPCePo5cJqRgTXRwGHuwF5Q+0Nfs="
    },
    "coreAssembly": {},
    "assembly": {
      "Microsoft.AspNetCore.Authentication.wasm": "sha256-TTMbfIRYCWh/6ZtcC/6m23rRKoIiOx5Vw948CeeE9cA=",
      "Microsoft.AspNetCore.Authentication.Abstractions.wasm": "sha256-u9iMOIltdEH1f+auTSi7mcb4SBt2memdjfBRiDl2cNE=",
      "Microsoft.AspNetCore.Authentication.Core.wasm": "sha256-RvrgkuvCzUhIR14zDxsUqVpYzujZOdJHMJ36UJgBMIg=",
      "Microsoft.AspNetCore.Authorization.wasm": "sha256-hP9eIBgQDgD+ygaAAw/myTzh8JK9Y6jLB7Kb32SJiQY=",
      "Microsoft.AspNetCore.Components.wasm": "sha256-POZpOVzgM+0SajfWUUfmt1S9GWTfH4JnRfi2a14mqpg=",
      "Microsoft.AspNetCore.Components.Authorization.wasm": "sha256-kJ4LKBD4YATEvh5AGSR+I1gZ7Ekergl/yQbfpv4aZaU=",
      "Microsoft.AspNetCore.Components.Web.wasm": "sha256-BJ9F9OqgDD1ZZiTM0SF8H00N7OFnUOSjxkoTu3nug8E=",
      "Microsoft.AspNetCore.Components.WebAssembly.wasm": "sha256-KhricV3mz8+lI8bfjpRWoPJNmC/H52h1845fGI9WBBw=",
      "Microsoft.AspNetCore.Cryptography.Internal.wasm": "sha256-EtqKKu/nPY+E2MxYNwXh7HfStwg85pXwdU56PW8qsCU=",
      "Microsoft.AspNetCore.DataProtection.wasm": "sha256-xEV/oEttD6lDH8uTc63YXb0hm7DbEhJM3TuHMuUdGJE=",
      "Microsoft.AspNetCore.DataProtection.Abstractions.wasm": "sha256-LlR1Jkynaw8NHvrFDkb/TJlslaeyQ0smb/SvorJXgCM=",
      "Microsoft.AspNetCore.Hosting.Abstractions.wasm": "sha256-EBu0K8SFe/KbDl6H4PhdQZcfOWBAQS9MiNm+0jjq0xo=",
      "Microsoft.AspNetCore.Hosting.Server.Abstractions.wasm": "sha256-KOdV8nnepJvdzz9YZQF2IiESUrXNx6nNMN2Uvhssmi4=",
      "Microsoft.AspNetCore.Http.wasm": "sha256-P7u++4zIBAR6s/X8yOsyscat1H9SsWsnAnBNrm4OxlA=",
      "Microsoft.AspNetCore.Http.Abstractions.wasm": "sha256-7wgz1ZHwXmXV8y00xn+jT4BGeuCQQbVYGQl+PNvBfnQ=",
      "Microsoft.AspNetCore.Http.Extensions.wasm": "sha256-sbIJEHnGL6std1HkIJ83mfNTk5yznrGRZbaacPDI5w4=",
      "Microsoft.AspNetCore.Http.Features.wasm": "sha256-bzIPAVp+XhD63CRn9cVTB4tJRU+oDEAuwFYoHytMhUk=",
      "Microsoft.AspNetCore.Metadata.wasm": "sha256-MLwBaWz7VnceD1OmOpOsKqu95rXErBo6Y2uU1vGcRD4=",
      "Microsoft.AspNetCore.WebUtilities.wasm": "sha256-VQM0rTyQ42zNsi2Mfz/XlOZsi4F4HQ5RrZnGIJaRhjI=",
      "Microsoft.Extensions.Configuration.wasm": "sha256-MK78HgdWImGWAHLLVxniAGUwUdyw+37t6C5mACc1Qfo=",
      "Microsoft.Extensions.Configuration.Abstractions.wasm": "sha256-q443vDnxd1H1F5yrCOA6Va1VVYg3nE+cjkL6PLR3MrQ=",
      "Microsoft.Extensions.Configuration.Json.wasm": "sha256-Nbv4DDWJLbUri+9QrX+3vnA2FV/Qux8Jm1buTARMlBs=",
      "Microsoft.Extensions.DependencyInjection.wasm": "sha256-RyTRZQZb+yzFimkAQlRezSx3EbEHGdtMSqDwRdM1JUk=",
      "Microsoft.Extensions.DependencyInjection.Abstractions.wasm": "sha256-H9xbFrMhEWcDQugLE5aYmnuFBKoL+c75s1HLzneyjaw=",
      "Microsoft.Extensions.FileProviders.Abstractions.wasm": "sha256-JJtbw0Xal6LV3AkDzE/Dc4ElCxD1Ur7VQpIV4bINn/Y=",
      "Microsoft.Extensions.Logging.wasm": "sha256-xqCTWg4X9fYCN8tpaejacvK2ZFCj6GKsEiT1fy9F1f8=",
      "Microsoft.Extensions.Logging.Abstractions.wasm": "sha256-yuNe+G3MrLn0M/L9gp/hRSMPE3abypQfHa27DmGvNUc=",
      "Microsoft.Extensions.ObjectPool.wasm": "sha256-eNr1c0h1V7m27npXCkiIqe4zrfCdyjCOVnOI+1DZ68w=",
      "Microsoft.Extensions.Options.wasm": "sha256-qrE+/UdAOpJNf8Mh7mD2wY1/py9eI6GHxuhtZWi8l8k=",
      "Microsoft.Extensions.Primitives.wasm": "sha256-WTmfevV6UMjFqZsNip9sYAEHhDPdOhjMdI2VujKnInU=",
      "Microsoft.Extensions.WebEncoders.wasm": "sha256-UYiuOhvLprPjyMV9iuWV19NnSs6bGh3PJ3bSZjj2tlI=",
      "Microsoft.JSInterop.wasm": "sha256-cu8+FjlIvoZK+sTcZysXHCzAhm4KeFlJED0Hfhkgg1o=",
      "Microsoft.JSInterop.WebAssembly.wasm": "sha256-FdHug4S2a7HOsi37rnvEfDrrRGQkT4tHlR4E9AN0Obg=",
      "Microsoft.Net.Http.Headers.wasm": "sha256-jfXK+cfJd/PteHB+5Bay/NDY9b9VLvVw6G/Bm262Lpo=",
      "System.Security.Cryptography.Pkcs.wasm": "sha256-Tjl2BEXf7hQ2EqXQLHB4NPZQSCxyVLugNQfrOVEBabA=",
      "System.Security.Cryptography.Xml.wasm": "sha256-FZl9QjSbIIBPv5Jq2SMn/bHUPe4XPCyqGrRe8eeidmg=",
      "Microsoft.Win32.Registry.wasm": "sha256-ygMIQhsnwNeesMJ3kNeATHhAR+s2gT1GTEwcu9DffyY=",
      "System.Buffers.wasm": "sha256-xXBdfztAjdlU2FpDjtpg51oD965GipDGFUlOwWOszf8=",
      "System.Collections.Concurrent.wasm": "sha256-uq+N0TL5X4yOBPeWPR+Fr/qmDJhmoRDD4WD2SypVKk4=",
      "System.Collections.NonGeneric.wasm": "sha256-QD2Eojf4vnVyFYSL5KBZsBS7Qo527gXK0jZFjaPaqpc=",
      "System.Collections.Specialized.wasm": "sha256-PBfx6QDQhtQBjP7WF5a8dUwSljYPsSYObgDuX0O7qtA=",
      "System.Collections.wasm": "sha256-wRf6gUBfIGQb8h65qGlBHyodHI20ha0RdZcNCd0v3dA=",
      "System.ComponentModel.TypeConverter.wasm": "sha256-OVOP0CDiBnsWZGG9D4cL8YjnLD+U7GCSZslLEnCp8WE=",
      "System.ComponentModel.wasm": "sha256-/zzH1dhTR2VZ4pJJPbvoypOm8TmppNSIcKQ1EV8N6D0=",
      "System.Console.wasm": "sha256-K3iT7z7Lhlrt/nnmZdsL8boDv0MWajhwNxQPnAMz3/Q=",
      "System.Diagnostics.DiagnosticSource.wasm": "sha256-C5yv9jc4O1Kjc1Q7jzYrHZ1mpN0JC7/1zytx20Xm438=",
      "System.Formats.Asn1.wasm": "sha256-OIpjPwxfjOlLGlf0i4qPfx4wPQ+kNsYBDZ9K00ac1+M=",
      "System.Linq.Expressions.wasm": "sha256-SOEC6bVkxpj6qFMkVZ5Ddv5iXX58qVLv/JBPQk2wFmk=",
      "System.Linq.wasm": "sha256-mT3suMerns8AcHcbKEzW8yfIshC9+nGLzbUFDgdWImE=",
      "System.Memory.wasm": "sha256-cdXqXmnA83UXt4hKR63dFQEbh6FG8iwRqqwLrBjmD+c=",
      "System.Net.Http.Json.wasm": "sha256-IaJjOAIV5B5buD/bUkLDpBX/2/dyPmwOgZ3ibehXjEE=",
      "System.Net.Http.wasm": "sha256-Es9W3l38JMJp/RAYHWeTN8gead68QteVJ+HGEI2aCEQ=",
      "System.Net.Primitives.wasm": "sha256-/IlgpehkliVZYQnzKooeXv9vfiblE/9sU+wpWoCArCI=",
      "System.Net.WebSockets.wasm": "sha256-R9iCAZoeHMUaqpwTY037c9IGdBKXUSnZJCwv1tzhMhg=",
      "System.ObjectModel.wasm": "sha256-ttcOShyV0Wraooh3cHp55iCG1y39kgZ3ht7fVrnv0Dc=",
      "System.Private.Uri.wasm": "sha256-NJ+azXpLzBKHDD3nq+3K2oLmK2zYZ+bMmElRMr1nvXQ=",
      "System.Private.Xml.Linq.wasm": "sha256-ILlTze8OPh+FZ6h+DKSepKBLnfPGoTHhQJ+1JwnV1Us=",
      "System.Private.Xml.wasm": "sha256-DRFuUWiGdSw6R4xruhRwJnISHftriTtrgTGO3dD5Yuw=",
      "System.Runtime.InteropServices.JavaScript.wasm": "sha256-mICeNdEHyUmu7lVd71s+6r8aQ7Lm9YDEhVQQhmoFf9Q=",
      "System.Runtime.Numerics.wasm": "sha256-8t+Rzx72cq/pxVddWgjVIaRV0qCv4R23TKRlQVNS9fA=",
      "System.Runtime.wasm": "sha256-vlECCkRaCnVNxQBev9Z+SCc0+sKuX1cxYPlbnyazgE4=",
      "System.Security.AccessControl.wasm": "sha256-xTQZ/NG2FTW0y4HWBY7+Ui+nxmguUpWRs1czgyutrdI=",
      "System.Security.Claims.wasm": "sha256-wt6Q1ZR2IlEUga1R/hpcc4m/0hZo8Dt/NINImhitEvQ=",
      "System.Security.Cryptography.wasm": "sha256-gYMkq4QcmKOWC9kJRBvbMtZ3OpFd37/VTXR/lC2jFt4=",
      "System.Security.Principal.Windows.wasm": "sha256-+8M+74GDm+qVcioA5CZCJf9+qOU68cXRRefxk+d/tBY=",
      "System.Text.Encodings.Web.wasm": "sha256-a4sIVnQx1fAE2FyG0ETRMbC7rFShOQSJw8jWV9Xpe9Y=",
      "System.Text.Json.wasm": "sha256-X1o2wPE49w2iqiBltXvBmJ2zvhOnQ0pBuCryY3B237Y=",
      "System.Text.RegularExpressions.wasm": "sha256-UAm1vQTVDuF12IMIlDcHHFsUoG1TvHLbvPSa+zXpkDk=",
      "System.Xml.Linq.wasm": "sha256-EM6EaFnUVh/Ff2JW7PlOGjAF3puLGxQnp/1gX+a+i6I=",
      "netstandard.wasm": "sha256-T577zPp/G1d2DAIMfzu+Sjl7a++4cWDPIvpILO4uz7U=",
      "System.Private.CoreLib.wasm": "sha256-dOOIG4Ykj/WSdF+cMq4url2ZFrfZdZ4aYLRkV/4/Szw=",
      "AssetManagementWASM.wasm": "sha256-boDS3nfUbD9gSMSd4ew7/TmhxHFxMPAxr8aRL2Wa888="
    }
  },
  "cacheBootResources": true,
  "debugLevel": 0,
  "linkerEnabled": true,
  "globalizationMode": "sharded",
  "extensions": {
    "blazor": {}
  }
}